distance_m,sigma_y_class1,sigma_y_class2,sigma_y_class3,sigma_y_class4,sigma_y_class5,sigma_y_class6,sigma_z_class1,sigma_z_class2,sigma_z_class3,sigma_z_class4,sigma_z_class5,sigma_z_class6
1,0.2200,0.1600,0.1100,0.0800,0.0600,0.0400,0.2000,0.1200,0.0800,0.0600,0.0300,0.0160
2,0.4400,0.3200,0.2200,0.1600,0.1200,0.0800,0.4000,0.2400,0.1600,0.1198,0.0600,0.0320
3,0.6599,0.4799,0.3300,0.2400,0.1800,0.1200,0.6000,0.3600,0.2399,0.1796,0.0899,0.0480
4,0.8798,0.6399,0.4399,0.3199,0.2400,0.1600,0.8000,0.4800,0.3199,0.2393,0.1199,0.0639
5,1.0997,0.7998,0.5499,0.3999,0.2999,0.2000,1.0000,0.6000,0.3998,0.2989,0.1498,0.0799
6,1.3196,0.9597,0.6598,0.4799,0.3599,0.2399,1.2000,0.7200,0.4797,0.3584,0.1797,0.0958
7,1.5395,1.1196,0.7697,0.5598,0.4199,0.2799,1.4000,0.8400,0.5596,0.4178,0.2096,0.1118
8,1.7593,1.2795,0.8796,0.6397,0.4798,0.3199,1.6000,0.9600,0.6395,0.4771,0.2394,0.1277
9,1.9791,1.4394,0.9896,0.7197,0.5398,0.3598,1.8000,1.0800,0.7194,0.5364,0.2693,0.1436
10,2.1989,1.5992,1.0995,0.7996,0.5997,0.3998,2.0000,1.2000,0.7992,0.5956,0.2991,0.1595
11,2.4187,1.7590,1.2093,0.8795,0.6596,0.4398,2.2000,1.3200,0.8790,0.6546,0.3289,0.1754
12,2.6384,1.9188,1.3192,0.9594,0.7196,0.4797,2.4000,1.4400,0.9589,0.7136,0.3587,0.1913
13,2.8581,2.0786,1.4291,1.0393,0.7795,0.5197,2.6000,1.5600,1.0387,0.7725,0.3885,0.2072
14,3.0778,2.2384,1.5389,1.1192,0.8394,0.5596,2.8000,1.6800,1.1184,0.8313,0.4182,0.2231
15,3.2975,2.3982,1.6488,1.1991,0.8993,0.5996,3.0000,1.8000,1.1982,0.8900,0.4480,0.2389
16,3.5172,2.5580,1.7586,1.2790,0.9592,0.6395,3.2000,1.9200,1.2780,0.9487,0.4777,0.2548
17,3.7368,2.7177,1.8684,1.3588,1.0191,0.6794,3.4000,2.0400,1.3577,1.0072,0.5074,0.2706
18,3.9564,2.8774,1.9782,1.4387,1.0790,0.7194,3.6000,2.1600,1.4374,1.0657,0.5371,0.2865
19,4.1760,3.0371,2.0880,1.5186,1.1389,0.7593,3.8000,2.2800,1.5171,1.1241,0.5668,0.3023
20,4.3956,3.1968,2.1978,1.5984,1.1988,0.7992,4.0000,2.4000,1.5968,1.1824,0.5964,0.3181
21,4.6152,3.3565,2.3076,1.6782,1.2587,0.8391,4.2000,2.5200,1.6765,1.2406,0.6261,0.3339
22,4.8347,3.5161,2.4173,1.7581,1.3186,0.8790,4.4000,2.6400,1.7561,1.2987,0.6557,0.3497
23,5.0542,3.6758,2.5271,1.8379,1.3784,0.9189,4.6000,2.7600,1.8358,1.3568,0.6853,0.3655
24,5.2737,3.8354,2.6368,1.9177,1.4383,0.9589,4.8000,2.8800,1.9154,1.4148,0.7149,0.3813
25,5.4931,3.9950,2.7466,1.9975,1.4981,0.9988,5.0000,3.0000,1.9950,1.4726,0.7444,0.3970
26,5.7126,4.1546,2.8563,2.0773,1.5580,1.0387,5.2000,3.1200,2.0746,1.5304,0.7740,0.4128
27,5.9320,4.3142,2.9660,2.1571,1.6178,1.0785,5.4000,3.2400,2.1542,1.5882,0.8035,0.4285
28,6.1514,4.4737,3.0757,2.2369,1.6777,1.1184,5.6000,3.3600,2.2338,1.6458,0.8330,0.4443
29,6.3708,4.6333,3.1854,2.3166,1.7375,1.1583,5.8000,3.4800,2.3133,1.7033,0.8625,0.4600
30,6.5901,4.7928,3.2951,2.3964,1.7973,1.1982,6.0000,3.6000,2.3928,1.7608,0.8920,0.4757
31,6.8095,4.9523,3.4047,2.4762,1.8571,1.2381,6.2000,3.7200,2.4723,1.8182,0.9214,0.4914
32,7.0288,5.1118,3.5144,2.5559,1.9169,1.2780,6.4000,3.8400,2.5518,1.8755,0.9509,0.5071
33,7.2481,5.2713,3.6240,2.6357,1.9767,1.3178,6.6000,3.9600,2.6313,1.9327,0.9803,0.5228
34,7.4673,5.4308,3.7337,2.7154,2.0365,1.3577,6.8000,4.0800,2.7108,1.9899,1.0097,0.5385
35,7.6866,5.5902,3.8433,2.7951,2.0963,1.3976,7.0000,4.2000,2.7903,2.0470,1.0391,0.5542
36,7.9058,5.7497,3.9529,2.8748,2.1561,1.4374,7.2000,4.3200,2.8697,2.1039,1.0685,0.5698
37,8.1250,5.9091,4.0625,2.9545,2.2159,1.4773,7.4000,4.4400,2.9491,2.1608,1.0978,0.5855
38,8.3442,6.0685,4.1721,3.0342,2.2757,1.5171,7.6000,4.5600,3.0285,2.2177,1.1272,0.6011
39,8.5633,6.2279,4.2817,3.1139,2.3355,1.5570,7.8000,4.6800,3.1079,2.2744,1.1565,0.6168
40,8.7825,6.3872,4.3912,3.1936,2.3952,1.5968,8.0000,4.8000,3.1873,2.3311,1.1858,0.6324
41,9.0016,6.5466,4.5008,3.2733,2.4550,1.6366,8.2000,4.9200,3.2666,2.3877,1.2151,0.6480
42,9.2207,6.7059,4.6103,3.3530,2.5147,1.6765,8.4000,5.0400,3.3460,2.4442,1.2443,0.6636
43,9.4397,6.8653,4.7199,3.4326,2.5745,1.7163,8.6000,5.1600,3.4253,2.5006,1.2736,0.6792
44,9.6588,7.0246,4.8294,3.5123,2.6342,1.7561,8.8000,5.2800,3.5046,2.5570,1.3028,0.6948
45,9.8778,7.1839,4.9389,3.5919,2.6939,1.7960,9.0000,5.4000,3.5839,2.6132,1.3320,0.7104
46,10.0968,7.3431,5.0484,3.6716,2.7537,1.8358,9.2000,5.5200,3.6632,2.6694,1.3612,0.7260
47,10.3158,7.5024,5.1579,3.7512,2.8134,1.8756,9.4000,5.6400,3.7425,2.7256,1.3904,0.7415
48,10.5347,7.6616,5.2674,3.8308,2.8731,1.9154,9.6000,5.7600,3.8217,2.7816,1.4196,0.7571
49,10.7537,7.8209,5.3768,3.9104,2.9328,1.9552,9.8000,5.8800,3.9009,2.8376,1.4487,0.7726
50,10.9726,7.9801,5.4863,3.9900,2.9925,1.9950,10.0000,6.0000,3.9801,2.8935,1.4778,0.7882
51,11.1915,8.1393,5.5957,4.0696,3.0522,2.0348,10.2000,6.1200,4.0593,2.9493,1.5069,0.8037
52,11.4104,8.2985,5.7052,4.1492,3.1119,2.0746,10.4000,6.2400,4.1385,3.0050,1.5360,0.8192
53,11.6292,8.4576,5.8146,4.2288,3.1716,2.1144,10.6000,6.3600,4.2177,3.0607,1.5651,0.8347
54,11.8481,8.6168,5.9240,4.3084,3.2313,2.1542,10.8000,6.4800,4.2969,3.1162,1.5942,0.8502
55,12.0669,8.7759,6.0334,4.3879,3.2910,2.1940,11.0000,6.6000,4.3760,3.1718,1.6232,0.8657
56,12.2856,8.9350,6.1428,4.4675,3.3506,2.2338,11.2000,6.7200,4.4551,3.2272,1.6522,0.8812
57,12.5044,9.0941,6.2522,4.5471,3.4103,2.2735,11.4000,6.8400,4.5342,3.2825,1.6813,0.8967
58,12.7232,9.2532,6.3616,4.6266,3.4700,2.3133,11.6000,6.9600,4.6133,3.3378,1.7102,0.9121
59,12.9419,9.4123,6.4709,4.7061,3.5296,2.3531,11.8000,7.0800,4.6924,3.3930,1.7392,0.9276
60,13.1606,9.5713,6.5803,4.7857,3.5892,2.3928,12.0000,7.2000,4.7715,3.4482,1.7682,0.9430
61,13.3793,9.7304,6.6896,4.8652,3.6489,2.4326,12.2000,7.3200,4.8505,3.5032,1.7971,0.9585
62,13.5979,9.8894,6.7990,4.9447,3.7085,2.4723,12.4000,7.4400,4.9295,3.5582,1.8260,0.9739
63,13.8165,10.0484,6.9083,5.0242,3.7681,2.5121,12.6000,7.5600,5.0085,3.6131,1.8549,0.9893
64,14.0352,10.2074,7.0176,5.1037,3.8278,2.5518,12.8000,7.6800,5.0875,3.6680,1.8838,1.0047
65,14.2538,10.3664,7.1269,5.1832,3.8874,2.5916,13.0000,7.8000,5.1665,3.7227,1.9127,1.0201
66,14.4723,10.5253,7.2362,5.2627,3.9470,2.6313,13.2000,7.9200,5.2455,3.7774,1.9416,1.0355
67,14.6909,10.6843,7.3454,5.3421,4.0066,2.6711,13.4000,8.0400,5.3244,3.8320,1.9704,1.0509
68,14.9094,10.8432,7.4547,5.4216,4.0662,2.7108,13.6000,8.1600,5.4034,3.8866,1.9992,1.0662
69,15.1279,11.0021,7.5639,5.5011,4.1258,2.7505,13.8000,8.2800,5.4823,3.9411,2.0280,1.0816
70,15.3464,11.1610,7.6732,5.5805,4.1854,2.7903,14.0000,8.4000,5.5612,3.9955,2.0568,1.0970
71,15.5648,11.3199,7.7824,5.6599,4.2450,2.8300,14.2000,8.5200,5.6401,4.0498,2.0856,1.1123
72,15.7833,11.4788,7.8916,5.7394,4.3045,2.8697,14.4000,8.6400,5.7190,4.1041,2.1143,1.1276
73,16.0017,11.6376,8.0008,5.8188,4.3641,2.9094,14.6000,8.7600,5.7978,4.1582,2.1431,1.1430
74,16.2201,11.7964,8.1100,5.8982,4.4237,2.9491,14.8000,8.8800,5.8767,4.2124,2.1718,1.1583
75,16.4385,11.9553,8.2192,5.9776,4.4832,2.9888,15.0000,9.0000,5.9555,4.2664,2.2005,1.1736
76,16.6568,12.1141,8.3284,6.0570,4.5428,3.0285,15.2000,9.1200,6.0343,4.3204,2.2292,1.1889
77,16.8752,12.2728,8.4376,6.1364,4.6023,3.0682,15.4000,9.2400,6.1131,4.3743,2.2578,1.2042
78,17.0935,12.4316,8.5467,6.2158,4.6619,3.1079,15.6000,9.3600,6.1919,4.4281,2.2865,1.2195
79,17.3118,12.5904,8.6559,6.2952,4.7214,3.1476,15.8000,9.4800,6.2707,4.4819,2.3151,1.2347
80,17.5300,12.7491,8.7650,6.3746,4.7809,3.1873,16.0000,9.6000,6.3494,4.5356,2.3438,1.2500
81,17.7483,12.9078,8.8741,6.4539,4.8404,3.2270,16.2000,9.7200,6.4281,4.5892,2.3724,1.2653
82,17.9665,13.0665,8.9832,6.5333,4.9000,3.2666,16.4000,9.8400,6.5069,4.6427,2.4009,1.2805
83,18.1847,13.2252,9.0923,6.6126,4.9595,3.3063,16.6000,9.9600,6.5856,4.6962,2.4295,1.2957
84,18.4029,13.3839,9.2014,6.6920,5.0190,3.3460,16.8000,10.0800,6.6643,4.7496,2.4581,1.3110
85,18.6210,13.5426,9.3105,6.7713,5.0785,3.3856,17.0000,10.2000,6.7429,4.8030,2.4866,1.3262
86,18.8392,13.7012,9.4196,6.8506,5.1380,3.4253,17.2000,10.3200,6.8216,4.8563,2.5151,1.3414
87,19.0573,13.8598,9.5286,6.9299,5.1974,3.4650,17.4000,10.4400,6.9002,4.9095,2.5436,1.3566
88,19.2754,14.0185,9.6377,7.0092,5.2569,3.5046,17.6000,10.5600,6.9789,4.9626,2.5721,1.3718
89,19.4934,14.1771,9.7467,7.0885,5.3164,3.5443,17.8000,10.6800,7.0575,5.0157,2.6006,1.3870
90,19.7115,14.3356,9.8557,7.1678,5.3759,3.5839,18.0000,10.8000,7.1361,5.0687,2.6290,1.4021
91,19.9295,14.4942,9.9648,7.2471,5.4353,3.6236,18.2000,10.9200,7.2146,5.1216,2.6575,1.4173
92,20.1475,14.6528,10.0738,7.3264,5.4948,3.6632,18.4000,11.0400,7.2932,5.1745,2.6859,1.4325
93,20.3655,14.8113,10.1828,7.4056,5.5542,3.7028,18.6000,11.1600,7.3718,5.2273,2.7143,1.4476
94,20.5835,14.9698,10.2917,7.4849,5.6137,3.7425,18.8000,11.2800,7.4503,5.2800,2.7427,1.4628
95,20.8014,15.1283,10.4007,7.5642,5.6731,3.7821,19.0000,11.4000,7.5288,5.3327,2.7710,1.4779
96,21.0193,15.2868,10.5097,7.6434,5.7325,3.8217,19.2000,11.5200,7.6073,5.3853,2.7994,1.4930
97,21.2372,15.4453,10.6186,7.7226,5.7920,3.8613,19.4000,11.6400,7.6858,5.4378,2.8277,1.5081
98,21.4551,15.6037,10.7276,7.8019,5.8514,3.9009,19.6000,11.7600,7.7643,5.4903,2.8560,1.5232
99,21.6730,15.7622,10.8365,7.8811,5.9108,3.9405,19.8000,11.8800,7.8427,5.5427,2.8843,1.5383
100,21.8908,15.9206,10.9454,7.9603,5.9702,3.9801,20.0000,12.0000,7.9212,5.5950,2.9126,1.5534
101,22.1086,16.0790,11.0543,8.0395,6.0296,4.0198,20.2000,12.1200,7.9996,5.6473,2.9409,1.5685
102,22.3264,16.2374,11.1632,8.1187,6.0890,4.0593,20.4000,12.2400,8.0780,5.6995,2.9691,1.5835
103,22.5442,16.3958,11.2721,8.1979,6.1484,4.0989,20.6000,12.3600,8.1564,5.7516,2.9974,1.5986
104,22.7619,16.5541,11.3810,8.2771,6.2078,4.1385,20.8000,12.4800,8.2348,5.8037,3.0256,1.6137
105,22.9797,16.7125,11.4898,8.3562,6.2672,4.1781,21.0000,12.6000,8.3132,5.8557,3.0538,1.6287
106,23.1974,16.8708,11.5987,8.4354,6.3266,4.2177,21.2000,12.7200,8.3915,5.9077,3.0820,1.6437
107,23.4151,17.0291,11.7075,8.5146,6.3859,4.2573,21.4000,12.8400,8.4699,5.9595,3.1102,1.6588
108,23.6327,17.1874,11.8164,8.5937,6.4453,4.2969,21.6000,12.9600,8.5482,6.0113,3.1383,1.6738
109,23.8504,17.3457,11.9252,8.6729,6.5046,4.3364,21.8000,13.0800,8.6265,6.0631,3.1665,1.6888
110,24.0680,17.5040,12.0340,8.7520,6.5640,4.3760,22.0000,13.2000,8.7048,6.1148,3.1946,1.7038
111,24.2856,17.6622,12.1428,8.8311,6.6233,4.4156,22.2000,13.3200,8.7830,6.1664,3.2227,1.7188
112,24.5032,17.8205,12.2516,8.9102,6.6827,4.4551,22.4000,13.4400,8.8613,6.2180,3.2508,1.7337
113,24.7207,17.9787,12.3604,8.9894,6.7420,4.4947,22.6000,13.5600,8.9395,6.2695,3.2788,1.7487
114,24.9383,18.1369,12.4691,9.0685,6.8013,4.5342,22.8000,13.6800,9.0178,6.3209,3.3069,1.7637
115,25.1558,18.2951,12.5779,9.1476,6.8607,4.5738,23.0000,13.8000,9.0960,6.3722,3.3349,1.7786
116,25.3733,18.4533,12.6866,9.2266,6.9200,4.6133,23.2000,13.9200,9.1742,6.4236,3.3630,1.7936
117,25.5907,18.6114,12.7954,9.3057,6.9793,4.6529,23.4000,14.0400,9.2524,6.4748,3.3910,1.8085
118,25.8082,18.7696,12.9041,9.3848,7.0386,4.6924,23.6000,14.1600,9.3305,6.5260,3.4190,1.8234
119,26.0256,18.9277,13.0128,9.4639,7.0979,4.7319,23.8000,14.2800,9.4087,6.5771,3.4469,1.8384
120,26.2430,19.0858,13.1215,9.5429,7.1572,4.7715,24.0000,14.4000,9.4868,6.6281,3.4749,1.8533
121,26.4604,19.2439,13.2302,9.6220,7.2165,4.8110,24.2000,14.5200,9.5650,6.6791,3.5028,1.8682
122,26.6778,19.4020,13.3389,9.7010,7.2758,4.8505,24.4000,14.6400,9.6431,6.7301,3.5308,1.8831
123,26.8951,19.5601,13.4476,9.7800,7.3350,4.8900,24.6000,14.7600,9.7212,6.7809,3.5587,1.8980
124,27.1124,19.7181,13.5562,9.8591,7.3943,4.9295,24.8000,14.8800,9.7992,6.8317,3.5866,1.9128
125,27.3297,19.8762,13.6649,9.9381,7.4536,4.9690,25.0000,15.0000,9.8773,6.8825,3.6145,1.9277
126,27.5470,20.0342,13.7735,10.0171,7.5128,5.0085,25.2000,15.1200,9.9553,6.9332,3.6423,1.9426
127,27.7643,20.1922,13.8821,10.0961,7.5721,5.0480,25.4000,15.2400,10.0334,6.9838,3.6702,1.9574
128,27.9815,20.3502,13.9907,10.1751,7.6313,5.0875,25.6000,15.3600,10.1114,7.0343,3.6980,1.9723
129,28.1987,20.5081,14.0994,10.2541,7.6906,5.1270,25.8000,15.4800,10.1894,7.0848,3.7258,1.9871
130,28.4159,20.6661,14.2079,10.3331,7.7498,5.1665,26.0000,15.6000,10.2674,7.1353,3.7536,2.0019
131,28.6331,20.8240,14.3165,10.4120,7.8090,5.2060,26.2000,15.7200,10.3454,7.1857,3.7814,2.0167
132,28.8502,20.9820,14.4251,10.4910,7.8682,5.2455,26.4000,15.8400,10.4233,7.2360,3.8092,2.0316
133,29.0673,21.1399,14.5337,10.5699,7.9275,5.2850,26.6000,15.9600,10.5013,7.2862,3.8369,2.0464
134,29.2844,21.2978,14.6422,10.6489,7.9867,5.3244,26.8000,16.0800,10.5792,7.3364,3.8646,2.0611
135,29.5015,21.4557,14.7508,10.7278,8.0459,5.3639,27.0000,16.2000,10.6571,7.3866,3.8924,2.0759
136,29.7186,21.6135,14.8593,10.8068,8.1051,5.4034,27.2000,16.3200,10.7350,7.4366,3.9201,2.0907
137,29.9356,21.7714,14.9678,10.8857,8.1643,5.4428,27.4000,16.4400,10.8129,7.4867,3.9477,2.1055
138,30.1527,21.9292,15.0763,10.9646,8.2235,5.4823,27.6000,16.5600,10.8907,7.5366,3.9754,2.1202
139,30.3697,22.0870,15.1848,11.0435,8.2826,5.5218,27.8000,16.6800,10.9686,7.5865,4.0031,2.1350
140,30.5866,22.2448,15.2933,11.1224,8.3418,5.5612,28.0000,16.8000,11.0464,7.6364,4.0307,2.1497
141,30.8036,22.4026,15.4018,11.2013,8.4010,5.6007,28.2000,16.9200,11.1242,7.6861,4.0583,2.1644
142,31.0205,22.5604,15.5103,11.2802,8.4601,5.6401,28.4000,17.0400,11.2020,7.7359,4.0859,2.1792
143,31.2374,22.7181,15.6187,11.3591,8.5193,5.6795,28.6000,17.1600,11.2798,7.7855,4.1135,2.1939
144,31.4543,22.8759,15.7272,11.4379,8.5785,5.7190,28.8000,17.2800,11.3576,7.8351,4.1411,2.2086
145,31.6712,23.0336,15.8356,11.5168,8.6376,5.7584,29.0000,17.4000,11.4354,7.8847,4.1687,2.2233
146,31.8881,23.1913,15.9440,11.5957,8.6967,5.7978,29.2000,17.5200,11.5131,7.9342,4.1962,2.2380
147,32.1049,23.3490,16.0524,11.6745,8.7559,5.8373,29.4000,17.6400,11.5908,7.9836,4.2237,2.2527
148,32.3217,23.5067,16.1608,11.7533,8.8150,5.8767,29.6000,17.7600,11.6686,8.0330,4.2512,2.2673
149,32.5385,23.6644,16.2692,11.8322,8.8741,5.9161,29.8000,17.8800,11.7463,8.0823,4.2787,2.2820
150,32.7553,23.8220,16.3776,11.9110,8.9333,5.9555,30.0000,18.0000,11.8240,8.1316,4.3062,2.2967
151,32.9720,23.9796,16.4860,11.9898,8.9924,5.9949,30.2000,18.1200,11.9016,8.1808,4.3337,2.3113
152,33.1887,24.1372,16.5944,12.0686,9.0515,6.0343,30.4000,18.2400,11.9793,8.2299,4.3611,2.3259
153,33.4054,24.2948,16.7027,12.1474,9.1106,6.0737,30.6000,18.3600,12.0569,8.2790,4.3886,2.3406
154,33.6221,24.4524,16.8110,12.2262,9.1697,6.1131,30.8000,18.4800,12.1345,8.3280,4.4160,2.3552
155,33.8388,24.6100,16.9194,12.3050,9.2288,6.1525,31.0000,18.6000,12.2122,8.3770,4.4434,2.3698
156,34.0554,24.7676,17.0277,12.3838,9.2878,6.1919,31.2000,18.7200,12.2898,8.4259,4.4708,2.3844
157,34.2720,24.9251,17.1360,12.4625,9.3469,6.2313,31.4000,18.8400,12.3673,8.4748,4.4981,2.3990
158,34.4886,25.0826,17.2443,12.5413,9.4060,6.2707,31.6000,18.9600,12.4449,8.5236,4.5255,2.4136
159,34.7052,25.2401,17.3526,12.6201,9.4650,6.3100,31.8000,19.0800,12.5225,8.5724,4.5528,2.4282
160,34.9217,25.3976,17.4609,12.6988,9.5241,6.3494,32.0000,19.2000,12.6000,8.6211,4.5802,2.4427
161,35.1383,25.5551,17.5691,12.7776,9.5832,6.3888,32.2000,19.3200,12.6775,8.6697,4.6075,2.4573
162,35.3548,25.7126,17.6774,12.8563,9.6422,6.4281,32.4000,19.4400,12.7550,8.7183,4.6348,2.4719
163,35.5713,25.8700,17.7856,12.9350,9.7013,6.4675,32.6000,19.5600,12.8325,8.7668,4.6620,2.4864
164,35.7877,26.0274,17.8939,13.0137,9.7603,6.5069,32.8000,19.6800,12.9100,8.8153,4.6893,2.5010
165,36.0042,26.1849,18.0021,13.0924,9.8193,6.5462,33.0000,19.8000,12.9874,8.8637,4.7165,2.5155
166,36.2206,26.3423,18.1103,13.1711,9.8783,6.5856,33.2000,19.9200,13.0649,8.9121,4.7438,2.5300
167,36.4370,26.4996,18.2185,13.2498,9.9374,6.6249,33.4000,20.0400,13.1423,8.9604,4.7710,2.5445
168,36.6534,26.6570,18.3267,13.3285,9.9964,6.6643,33.6000,20.1600,13.2197,9.0086,4.7982,2.5590
169,36.8698,26.8144,18.4349,13.4072,10.0554,6.7036,33.8000,20.2800,13.2971,9.0568,4.8254,2.5735
170,37.0861,26.9717,18.5430,13.4859,10.1144,6.7429,34.0000,20.4000,13.3745,9.1050,4.8525,2.5880
171,37.3024,27.1290,18.6512,13.5645,10.1734,6.7823,34.2000,20.5200,13.4519,9.1531,4.8797,2.6025
172,37.5187,27.2863,18.7594,13.6432,10.2324,6.8216,34.4000,20.6400,13.5293,9.2011,4.9068,2.6170
173,37.7350,27.4436,18.8675,13.7218,10.2914,6.8609,34.6000,20.7600,13.6066,9.2491,4.9339,2.6314
174,37.9512,27.6009,18.9756,13.8005,10.3503,6.9002,34.8000,20.8800,13.6839,9.2970,4.9610,2.6459
175,38.1675,27.7582,19.0837,13.8791,10.4093,6.9395,35.0000,21.0000,13.7612,9.3449,4.9881,2.6603
176,38.3837,27.9154,19.1918,13.9577,10.4683,6.9789,35.2000,21.1200,13.8385,9.3927,5.0152,2.6748
177,38.5999,28.0726,19.2999,14.0363,10.5272,7.0182,35.4000,21.2400,13.9158,9.4405,5.0423,2.6892
178,38.8161,28.2299,19.4080,14.1149,10.5862,7.0575,35.6000,21.3600,13.9931,9.4882,5.0693,2.7036
179,39.0322,28.3871,19.5161,14.1935,10.6451,7.0968,35.8000,21.4800,14.0704,9.5358,5.0963,2.7180
180,39.2483,28.5442,19.6242,14.2721,10.7041,7.1361,36.0000,21.6000,14.1476,9.5835,5.1233,2.7324
181,39.4644,28.7014,19.7322,14.3507,10.7630,7.1754,36.2000,21.7200,14.2248,9.6310,5.1503,2.7468
182,39.6805,28.8586,19.8403,14.4293,10.8220,7.2146,36.4000,21.8400,14.3020,9.6785,5.1773,2.7612
183,39.8966,29.0157,19.9483,14.5079,10.8809,7.2539,36.6000,21.9600,14.3792,9.7260,5.2043,2.7756
184,40.1126,29.1728,20.0563,14.5864,10.9398,7.2932,36.8000,22.0800,14.4564,9.7734,5.2312,2.7900
185,40.3287,29.3299,20.1643,14.6650,10.9987,7.3325,37.0000,22.2000,14.5336,9.8207,5.2582,2.8044
186,40.5447,29.4870,20.2723,14.7435,11.0576,7.3718,37.2000,22.3200,14.6107,9.8680,5.2851,2.8187
187,40.7607,29.6441,20.3803,14.8221,11.1165,7.4110,37.4000,22.4400,14.6879,9.9152,5.3120,2.8331
188,40.9766,29.8012,20.4883,14.9006,11.1754,7.4503,37.6000,22.5600,14.7650,9.9624,5.3389,2.8474
189,41.1926,29.9582,20.5963,14.9791,11.2343,7.4896,37.8000,22.6800,14.8421,10.0096,5.3658,2.8617
190,41.4085,30.1153,20.7042,15.0576,11.2932,7.5288,38.0000,22.8000,14.9192,10.0566,5.3926,2.8761
191,41.6244,30.2723,20.8122,15.1361,11.3521,7.5681,38.2000,22.9200,14.9963,10.1037,5.4195,2.8904
192,41.8402,30.4293,20.9201,15.2146,11.4110,7.6073,38.4000,23.0400,15.0733,10.1507,5.4463,2.9047
193,42.0561,30.5863,21.0280,15.2931,11.4698,7.6466,38.6000,23.1600,15.1504,10.1976,5.4731,2.9190
194,42.2719,30.7432,21.1360,15.3716,11.5287,7.6858,38.8000,23.2800,15.2274,10.2445,5.4999,2.9333
195,42.4877,30.9002,21.2439,15.4501,11.5876,7.7250,39.0000,23.4000,15.3044,10.2913,5.5267,2.9476
196,42.7035,31.0571,21.3518,15.5286,11.6464,7.7643,39.2000,23.5200,15.3814,10.3381,5.5535,2.9618
197,42.9193,31.2140,21.4597,15.6070,11.7053,7.8035,39.4000,23.6400,15.4584,10.3848,5.5802,2.9761
198,43.1351,31.3709,21.5675,15.6855,11.7641,7.8427,39.6000,23.7600,15.5354,10.4315,5.6069,2.9904
199,43.3508,31.5278,21.6754,15.7639,11.8229,7.8820,39.8000,23.8800,15.6123,10.4781,5.6337,3.0046
200,43.5665,31.6847,21.7832,15.8424,11.8818,7.9212,40.0000,24.0000,15.6893,10.5247,5.6604,3.0189
